[{"id_regione":1,"regione":"Abruzzo","superficie":10831.84,"num_residenti":1326513,"num_comuni":305,"num_provincie":4,"presidente":"Luciano D'Alfonso","cod_istat":13,"cod_fiscale":80003170661,"piva":null,"pec":"urp@pec.regione.abruzzo.it","sito":"www.regione.abruzzo.it","sede":"Regione Abruzzo / Palazzo Silone - Via Leonardo da Vinci 6, 67100 L'Aquila"},
{"id_regione":2,"regione":"Basilicata","superficie":10073.32,"num_residenti":573694,"num_comuni":131,"num_provincie":2,"presidente":"Marcello Pittella","cod_istat":17,"cod_fiscale":80002950766,"piva":null,"pec":"presidenza.giunta@cert.regione.basilicata.it","sito":"www.regione.basilicata.it","sede":"Regione Basilicata / Via Vincenzo Verrastro 4, 85100 Potenza"},
{"id_regione":3,"regione":"Calabria","superficie":15221.9,"num_residenti":1970521,"num_comuni":409,"num_provincie":5,"presidente":"Gerardo Mario Oliverio","cod_istat":18,"cod_fiscale":02205340793,"piva":null,"pec":"dipartimento.presidenza@pec.regione.calabria.it","sito":"www.regione.calabria.it","sede":"Regione Calabria / Via Massara 2, 88100 Catanzaro"},
{"id_regione":4,"regione":"Campania","superficie":13670.95,"num_residenti":5850850,"num_comuni":550,"num_provincie":5,"presidente":"Vincenzo De Luca","cod_istat":15,"cod_fiscale":80011990639,"piva":03516070632,"pec":"agc02@pec.regione.campania.it","sito":"www.regione.campania.it","sede":"Regione Campania / Via Santa Lucia 81, 80132 Napoli"},
{"id_regione":5,"regione":"Emilia-Romagna","superficie":22452.78,"num_residenti":4448146,"num_comuni":333,"num_provincie":9,"presidente":"Stefano Bonaccini","cod_istat":08,"cod_fiscale":80062590379,"piva":null,"pec":"urp@postacert.regione.emilia-romagna.it","sito":"www.regione.emilia-romagna.it","sede":"Regione Emilia-Romagna / Viale Aldo Moro 52, 40127 Bologna"},
{"id_regione":6,"regione":"Friuli-Venezia Giulia","superficie":7862.3,"num_residenti":1221218,"num_comuni":216,"num_provincie":4,"presidente":"Debora Serracchiani","cod_istat":06,"cod_fiscale":80014930327,"piva":00526040324,"pec":"regione.friuliveneziagiulia@certregione.fvg.it","sito":"www.regione.fvg.it","sede":"Regione autonoma Friuli Venezia Giulia / Piazza Unit\u00E0 d'Italia 1, 34121 Trieste"},
{"id_regione":7,"regione":"Lazio","superficie":17232.29,"num_residenti":5888472,"num_comuni":378,"num_provincie":5,"presidente":"Nicola Zingaretti","cod_istat":12,"cod_fiscale":80143490581,"piva":null,"pec":"protocollo-istituzionale@regione.lazio.legalmail.it","sito":"www.regione.lazio.it","sede":"Regione Lazio / Via Rosa Raimondi Garibaldi 7, 00145 Roma"},
{"id_regione":8,"regione":"Liguria","superficie":5416.21,"num_residenti":1571053,"num_comuni":235,"num_provincie":4,"presidente":"Giovanni Toti","cod_istat":07,"cod_fiscale":null,"piva":00849050109,"pec":"protocollo@pec.regione.liguria.it","sito":"www.regione.liguria.it","sede":"Regione Liguria / Piazza De Ferrari 1, 16121 Genova"},
{"id_regione":9,"regione":"Lombardia","superficie":23863.65,"num_residenti":10008349,"num_comuni":1524,"num_provincie":12,"presidente":"Roberto Maroni","cod_istat":03,"cod_fiscale":80050050154,"piva":12874720159,"pec":"presidenza@pec.regione.lombardia.it","sito":"www.regione.lombardia.it","sede":"Regione Lombardia / Piazza Citt\u00E0 di Lombardia 1, 20124 Milano"},
{"id_regione":10,"regione":"Marche","superficie":9401.38,"num_residenti":1543752,"num_comuni":229,"num_provincie":5,"presidente":"Luca Ceriscioli","cod_istat":11,"cod_fiscale":80008630420,"piva":00481070423,"pec":"regione.marche.protocollogiunta@emarche.it","sito":"www.regione.marche.it","sede":"Regione Marche / Via Gentile da Fabriano 9, 60125 Ancona"},
{"id_regione":11,"regione":"Molise","superficie":4460.65,"num_residenti":312027,"num_comuni":136,"num_provincie":2,"presidente":"Paolo Di Laura Frattura","cod_istat":14,"cod_fiscale":00169440708,"piva":null,"pec":"regionemolise@pec.regione.molise.it","sito":"www.regione.molise.it","sede":"Regione Molise / Via Genova 11, 86100 Campobasso"},
{"id_regione":12,"regione":"Piemonte","superficie":25387.07,"num_residenti":4404246,"num_comuni":1201,"num_provincie":8,"presidente":"Sergio Chiamparino","cod_istat":01,"cod_fiscale":80087670016,"piva":02843860012,"pec":"gabinettopresidenza-giunta@cert.regione.piemonte.it","sito":"www.regione.piemonte.it","sede":"Regione Piemonte / Piazza Castello 165, 10122 Torino"},
{"id_regione":13,"regione":"Puglia","superficie":19540.9,"num_residenti":4077166,"num_comuni":258,"num_provincie":6,"presidente":"Michele Emiliano","cod_istat":16,"cod_fiscale":80017210727,"piva":null,"pec":"comunicazione.istituzionale@pec.rupar.puglia.it","sito":"www.regione.puglia.it","sede":"Regione Puglia / Lungomare Nazario Sauro 33, 70121 Bari"},
{"id_regione":14,"regione":"Sardegna","superficie":24100.02,"num_residenti":1658138,"num_comuni":377,"num_provincie":5,"presidente":"Francesco Pigliaru","cod_istat":20,"cod_fiscale":80002870923,"piva":null,"pec":"affari.generali@pec.regione.sardegna.it","sito":"www.regione.sardegna.it","sede":"Regione autonoma della Sardegna / Viale Trento 69, 09123 Cagliari"},
{"id_regione":15,"regione":"Sicilia","superficie":25832.39,"num_residenti":5074261,"num_comuni":390,"num_provincie":9,"presidente":"Rosario Crocetta","cod_istat":19,"cod_fiscale":80012000826,"piva":02711070827,"pec":"regione.sicilia@certmail.regione.sicilia.it","sito":"pti.regione.sicilia.it ","sede":"Regione Siciliana / Piazza Indipendenza 21, 90129 Palermo"},
{"id_regione":16,"regione":"Toscana","superficie":22987.04,"num_residenti":3744398,"num_comuni":276,"num_provincie":10,"presidente":"Enrico Rossi","cod_istat":09,"cod_fiscale":01386030488,"piva":null,"pec":"regionetoscana@postacert.toscana.it","sito":"www.regione.toscana.it ","sede":"Regione Toscana / Palazzo Strozzi Sacrati - Piazza del Duomo 10, 50122 Firenze"},
{"id_regione":17,"regione":"Trentino-Alto Adige","superficie":13605.5,"num_residenti":1059114,"num_comuni":293,"num_provincie":2,"presidente":"Ugo Rossi","cod_istat":04,"cod_fiscale":80003690221,"piva":null,"pec":"regione.taa@regione.taa.legalmail.it","sito":"www.regione.taa.it","sede":"Regione autonoma Trentino-Alto Adige / Via Gazzoletti 2, 38122 Trento"},
{"id_regione":18,"regione":"Umbria","superficie":8464.33,"num_residenti":891181,"num_comuni":92,"num_provincie":2,"presidente":"Catiuscia Marini","cod_istat":10,"cod_fiscale":null,"piva":01212820540,"pec":"regione.giunta@postacert.umbria.it","sito":"www.regione.umbria.it ","sede":"Regione Umbria / Palazzo Donini - Corso Vannucci 96, 06121 Perugia"},
{"id_regione":19,"regione":"Valle d'Aosta","superficie":3260.9,"num_residenti":127329,"num_comuni":74,"num_provincie":1,"presidente":"Augusto Rollandin","cod_istat":02,"cod_fiscale":80002270074,"piva":00368440079,"pec":"segretario_generale@pec.regione.vda.it","sito":"www.regione.vda.it ","sede":"Regione autonoma Valle d'Aosta / Piazza Deffeyes 1, 11100 Aosta"},
{"id_regione":20,"regione":"Veneto","superficie":18407.42,"num_residenti":4915123,"num_comuni":576,"num_provincie":7,"presidente":"Luca Zaia","cod_istat":05,"cod_fiscale":80007580279,"piva":02392630279,"pec":"protocollo.generale@pec.regione.veneto.it","sito":"www.regione.veneto.it ","sede":"Regione Veneto / Palazzo Balbi - Dorsoduro 3901, 30123 Venezia"}]
